{
    "loss": 0.7006509900093079,
    "accuracy": 0.7396825551986694
}