{
    "loss": 0.4498717784881592,
    "accuracy": 0.8285714387893677
}